{
  "IcoMoonType": "selection",
  "icons": [
    {
      "icon": {
        "paths": [
          "M512 42l384 172v256q0 178-110 325t-274 187q-164-40-274-187t-110-325v-256zM512 512v382q118-38 200-143t98-239h-298zM512 512v-376l-298 132v244h298z"
        ],
        "attrs": [],
        "isMulticolor": false,
        "isMulticolor2": false,
        "tags": [
          "security"
        ],
        "grid": 24
      },
      "attrs": [],
      "properties": {
        "ligatures": "security",
        "id": 362,
        "order": 6,
        "prevSize": 24,
        "code": 59648,
        "name": "security"
      },
      "setIdx": 5,
      "setId": 18,
      "iconIdx": 362
    },
    {
      "icon": {
        "paths": [
          "M640 512q0-52-38-90t-90-38v-86q88 0 151 63t63 151h-86zM810 512q0-124-87-211t-211-87v-86q160 0 272 112t112 272h-86zM854 662q18 0 30 12t12 30v150q0 18-12 30t-30 12q-300 0-513-213t-213-513q0-18 12-30t30-12h150q18 0 30 12t12 30v2q0 82 24 150 4 8 4 14 0 20-14 30l-94 94q40 76 123 159t159 123l94-94q14-14 30-14 6 0 14 4 72 24 152 24z"
        ],
        "attrs": [],
        "isMulticolor": false,
        "isMulticolor2": false,
        "tags": [
          "phone_in_talk"
        ],
        "grid": 24
      },
      "attrs": [],
      "properties": {
        "ligatures": "phone_in_talk",
        "id": 629,
        "order": 4,
        "prevSize": 24,
        "code": 59649,
        "name": "phone_in_talk"
      },
      "setIdx": 5,
      "setId": 18,
      "iconIdx": 629
    },
    {
      "icon": {
        "paths": [
          "M512 128l470 256v342h-86v-296l-384 210-470-256zM214 562l298 164 298-164v172l-298 162-298-162v-172z"
        ],
        "attrs": [],
        "isMulticolor": false,
        "isMulticolor2": false,
        "tags": [
          "school"
        ],
        "grid": 24
      },
      "attrs": [],
      "properties": {
        "ligatures": "school",
        "id": 690,
        "order": 7,
        "prevSize": 24,
        "code": 59650,
        "name": "school"
      },
      "setIdx": 5,
      "setId": 18,
      "iconIdx": 690
    },
    {
      "icon": {
        "paths": [
          "M870.4 51.2h-102.4c-28.262 0-51.2 22.886-51.2 51.2v869.99h204.8v-869.99c0-28.314-22.886-51.2-51.2-51.2zM563.2 358.4h-102.4c-28.262 0-51.2 22.886-51.2 51.2v562.79h204.8v-562.79c0-28.314-22.886-51.2-51.2-51.2zM256 665.6h-102.4c-28.262 0-51.2 22.886-51.2 51.2v255.59h204.8v-255.59c0-28.314-22.886-51.2-51.2-51.2z"
        ],
        "attrs": [],
        "isMulticolor": false,
        "isMulticolor2": false,
        "tags": [
          "bar-graph"
        ],
        "grid": 20
      },
      "attrs": [],
      "properties": {
        "id": 107,
        "order": 3,
        "prevSize": 20,
        "code": 59651,
        "name": "bar-graph"
      },
      "setIdx": 8,
      "setId": 15,
      "iconIdx": 106
    },
    {
      "icon": {
        "paths": [
          "M352.571 799.429l-28.571 28.571c-7.429 7.429-18.857 7.429-26.286 0l-266.286-266.286c-7.429-7.429-7.429-18.857 0-26.286l266.286-266.286c7.429-7.429 18.857-7.429 26.286 0l28.571 28.571c7.429 7.429 7.429 18.857 0 26.286l-224.571 224.571 224.571 224.571c7.429 7.429 7.429 18.857 0 26.286zM690.286 189.714l-213.143 737.714c-2.857 9.714-13.143 15.429-22.286 12.571l-35.429-9.714c-9.714-2.857-15.429-13.143-12.571-22.857l213.143-737.714c2.857-9.714 13.143-15.429 22.286-12.571l35.429 9.714c9.714 2.857 15.429 13.143 12.571 22.857zM1065.714 561.714l-266.286 266.286c-7.429 7.429-18.857 7.429-26.286 0l-28.571-28.571c-7.429-7.429-7.429-18.857 0-26.286l224.571-224.571-224.571-224.571c-7.429-7.429-7.429-18.857 0-26.286l28.571-28.571c7.429-7.429 18.857-7.429 26.286 0l266.286 266.286c7.429 7.429 7.429 18.857 0 26.286z"
        ],
        "width": 1097.142857142857,
        "attrs": [],
        "isMulticolor": false,
        "isMulticolor2": false,
        "tags": [
          "code"
        ],
        "defaultCode": 61729,
        "grid": 14
      },
      "attrs": [],
      "properties": {
        "name": "code",
        "id": 258,
        "order": 5,
        "prevSize": 28,
        "code": 61729
      },
      "setIdx": 16,
      "setId": 7,
      "iconIdx": 258
    },
    {
      "icon": {
        "paths": [
          "M0 64v640h1024v-640h-1024zM960 640h-896v-512h896v512zM672 768h-320l-32 128-64 64h512l-64-64z"
        ],
        "tags": [
          "display",
          "screen",
          "monitor",
          "computer",
          "desktop",
          "pc"
        ],
        "defaultCode": 59734,
        "grid": 16,
        "attrs": []
      },
      "attrs": [],
      "properties": {
        "ligatures": "display, screen",
        "name": "display",
        "order": 2,
        "id": 87,
        "prevSize": 32,
        "code": 59734
      },
      "setIdx": 22,
      "setId": 1,
      "iconIdx": 86
    }
  ],
  "height": 1024,
  "preferences": {
    "showGlyphs": true,
    "showQuickUse": true,
    "showQuickUse2": true,
    "showSVGs": true,
    "fontPref": {
      "prefix": "icon-",
      "metadata": {
        "fontFamily": "icomoon"
      },
      "metrics": {
        "emSize": 1024,
        "baseline": 6.25,
        "whitespace": 50
      },
      "embed": false,
      "autoHost": true
    },
    "imagePref": {
      "prefix": "icon-",
      "png": true,
      "useClassSelector": true,
      "color": 0,
      "bgColor": 16777215,
      "classSelector": ".icon",
      "name": "icomoon",
      "height": 32,
      "columns": 16,
      "margin": 16,
      "autoHost": true
    },
    "historySize": 50,
    "showCodes": true,
    "gridSize": 16,
    "quickUsageToken": {
      "UntitledProject": null
    }
  }
}